USE MokeBike

INSERT INTO BikeStop(StopLat, StopLong, StopRadius, BikeStopID)
VALUES  (64.37384723247612,147.18051762129133,10.770510320269757,'BF5DF'),
        (51.08931723049892,67.0546281763922,18.037357633496192,'9385F'),
        (14.254995957601956,112.28178454559385,24.510536983117554,'3C8FE'),
        (62.7974370304923,152.19645861160126,9.671412620581265,'B895D'),
        (6.5111666841072955,0.0931396812485974,23.68067479275705,'A378A'),
        (42.96616196824346,50.78215735769812,9.985792919227416,'CF24C'),
        (16.15862597592791,137.55633078128162,17.080993193330315,'171F8'),
        (85.91332726434005,146.1446522772317,7.998645282013319,'899A7'),
        (26.950373788600558,88.49772335035998,21.995409909984517,'0FEB7'),
        (33.75133700780425,23.219123534995706,17.70416795076224,'7E2BB'),
        (65.31444706028387,24.590146395328304,10.186343399664624,'6B468'),
        (87.15624997074808,161.9949630593036,19.633598655474074,'0BE04'),
        (12.889724092151924,46.533153729837494,9.682086571377699,'2502B'),
        (81.76620963848855,172.33726487238962,24.007500273875312,'D68A3'),
        (12.773490528620549,145.27664559831535,18.032973532729063,'70CB8'),
        (46.584799640580805,151.29402270902514,11.834098695463942,'A3393'),
        (3.4295581780518116,112.13346034177135,11.209531450319552,'6FC88'),
        (27.980213082487815,28.271402526594013,5.413130387828861,'76FFA'),
        (89.9712311119493,9.087909776039801,23.456235073533836,'E4B73'),
        (45.74893883156938,80.12177295472468,24.765276009382934,'8A819'),
        (7.4347570632135,135.41900125899096,8.766958223236506,'E1069'),
        (52.91153707208616,87.37107495467217,14.63483326072584,'CABDC'),
        (46.58048309651413,46.17293981868848,19.816246747622053,'476E6'),
        (54.9868571137089,90.57561620591979,21.594878082237628,'61F16'),
        (29.92403537668005,80.51161469565456,7.372418400530845,'E99A7'),
        (24.412734252905743,166.22891476437616,12.674487744651294,'DA4B1'),
        (84.03474410424154,163.5469166383046,8.265808188098198,'87FF1'),
        (0.24118007730775548,148.86789320849246,12.390342307603712,'34FC8'),
        (51.99953704673602,163.4270171852347,11.50538526409907,'311C2'),
        (22.935420750550442,133.79410410462478,23.45514835953143,'94BCA'),
        (54.11406153862847,14.22767273418016,9.725844429143258,'EC0AD'),
        (89.43550186603764,105.43526842898535,13.945298277479264,'DBF99'),
        (35.98637800849558,39.00610139557865,21.418449521558934,'19BA3'),
        (49.50663906214269,57.56708527926566,19.1341780025831,'BD44D'),
        (10.597719644114589,133.24561970018763,23.586592083444042,'E560C'),
        (23.631529636932598,87.30793677897753,23.155180458965134,'DC1A9'),
        (11.073671029360117,104.16867943206935,20.866429373908232,'0D3ED'),
        (11.906949749461598,72.27555925041136,24.71178962326841,'1CF0A'),
        (1.2662549207530072,140.66235370158606,12.247620130518275,'C8596'),
        (17.49728261951279,142.03603441137565,17.853926207993712,'F564C'),
        (24.03449826700815,48.01238826443505,9.153833464008631,'4D5D8'),
        (48.562510997195155,92.69278238150703,7.742677800056368,'EC6A7'),
        (2.0335404507074264,53.66940181767149,11.526008416166691,'31673'),
        (86.76100110448228,160.2195712709188,9.908593036721381,'4C7D1'),
        (86.74882132517166,80.56809454838053,20.857013529234138,'D65CF'),
        (52.882154385172626,145.58791754627683,7.141316277323688,'7BCBE'),
        (88.4741260021659,129.77773442680018,15.441181747191859,'5C44A'),
        (19.381833248662527,165.986485711106,17.64983317991433,'26EE4'),
        (39.60811082300863,121.03105545017151,23.961842891735348,'CD9A3'),
        (65.96890168744218,106.78711360689572,19.293467320509812,'CFE75'),
        (31.012077533994372,8.007850499478002,22.79044497101353,'7BC99'),
        (10.965863439658563,107.33108750534498,17.215086116162723,'B2EDC'),
        (18.55311483485039,13.078794199421793,6.927735935675468,'9BBE8'),
        (75.53090247721542,86.10391415399367,6.560146874277271,'03250'),
        (50.28410659501227,163.19663945364752,13.449701560697989,'D37BB'),
        (81.14347884062875,136.8564141928984,23.551061379755872,'7E939'),
        (58.96247255001183,167.84663221697346,12.775531766694101,'77B40'),
        (0.010425288310423886,0.6801973756895308,6.62771597613218,'D5BC0'),
        (60.5300445325132,144.2824408516909,6.455602509098945,'70A28'),
        (16.422014682962654,60.08965366024746,17.63967102615182,'5E22A'),
        (64.97494340482945,7.215707239718274,12.573465931537557,'6658D'),
        (85.12930755195376,138.9228226536786,6.571816607996466,'76730'),
        (66.21193741095999,162.0590777163231,15.309695448388975,'06A73'),
        (84.12482507981622,162.33120142506937,9.592490282148882,'306C3'),
        (80.38356799524905,48.887507341752496,19.812000865956485,'F7187'),
        (87.3464561475938,99.02650482494198,17.57208011546167,'BAC3A'),
        (77.79707362599076,59.69244773519832,17.766010307933303,'1F3D0'),
        (9.20031858968767,10.384694003852228,22.799892928683615,'417A5'),
        (71.92877102795158,66.4445697453988,20.746156891703297,'42973'),
        (65.7073648700845,143.39945021043022,7.715130098500891,'4A064'),
        (59.768066016147664,17.38327516849466,16.878634154977455,'E808F'),
        (6.746344030271201,120.1838226726475,13.468217552835636,'18451'),
        (78.82529833157899,61.52999923976774,19.598877651997086,'CDC7D'),
        (83.6424394988203,47.5067459833957,11.854475208687136,'AE203'),
        (57.69635421655481,27.094026170541213,9.105392547860978,'8285C'),
        (68.75773342377549,137.5862900669529,21.472059430083092,'BF1C1'),
        (27.304091477747935,23.10352415209482,7.660937429557022,'0DCE6'),
        (76.05832859446213,46.54609359920858,21.620400849369112,'6EF81'),
        (0.08002731727418722,102.07100634834258,7.552786344169595,'D5924'),
        (41.02599118215548,130.12761355034954,11.335369788021694,'F1F8F'),
        (50.48603081291399,156.80818852408467,15.391668089177115,'72E24'),
        (2.6685269721984604,60.00298772861728,14.61680655572686,'292E9'),
        (73.80799682684204,59.57904437235378,12.229514494071726,'ED975'),
        (71.1976132945506,93.84768967148975,7.529480387812466,'1005C'),
        (40.57249188196793,161.03144300757265,18.72869632983361,'3D8F6'),
        (87.82630248461163,124.49225335872097,24.502827791108132,'F1A09'),
        (11.97811076645766,154.17867635157094,9.4846655630333,'0E99B'),
        (21.0136338651742,31.765952704075737,18.64169396303232,'6C7D5'),
        (39.07063363483954,105.96045694166173,15.37508819520188,'AD2FC'),
        (57.28113275015024,138.79585411670277,24.416500193510313,'91C85'),
        (33.83014253853393,61.57748848203697,14.001646036468415,'C42D1'),
        (12.827250673691704,157.88279021432606,16.45149286334142,'A0094'),
        (51.592842705617386,102.9145772057237,23.52872603385681,'B19B7'),
        (8.77483111874901,175.2088805390807,6.926511294901713,'9EEAA'),
        (24.2339737859963,56.61447692031523,22.44807297077738,'4530C'),
        (24.32708527326437,155.37654109102445,5.612755949843386,'3A832'),
        (13.425166720183949,163.84790787990613,23.853605255905787,'3D8A5'),
        (7.463245218376635,69.8582172907411,24.04788687987366,'CC96E'),
        (41.97933951274141,140.53734700224103,5.708375842008737,'666DB'),
        (2.186020932539834,7.050806622096919,18.80222079165808,'B5D3C');



INSERT INTO Bike(BikeID, BikeStopID, Rate, Status)
VALUES  ('f3bf0Dc0eD','BF5DF',$7.99, 'Available'),
        ('1eCdD1d0fB','CD9A3',$4.77, 'Available'),
        ('afF42Ae5EE','BF5DF',$5.47, 'Available'),
        ('44f5a9a77a','EC0AD',$5.44, 'Available'),
        ('bfd0Be026f','CD9A3',$7.68, 'Available'),
        ('ADBa63631B','CD9A3',$9.18, 'Available'),
        ('D74dDBa69a','76FFA',$5.44, 'Available'),
        ('7cAfE6F915','BF5DF',$4.49, 'Under Repair'),
        ('ECa2F7F753','EC0AD',$3.49, 'Under Repair'),
        ('bbDe67CEB4','19BA3',$1.75, 'Under Repair'),
        ('DACe9FcbdC','BF5DF',$9.39, 'Under Repair'),
        ('0DAac7afd0','EC0AD',$3.92, 'Under Repair'),
        ('B29aB90dd6','76FFA',$9.85, 'Damaged'),
        ('c0e230Ea48','3C8FE',$8.67, 'Damaged'),
        ('135d3FeebF','BF5DF',$5.82, 'Damaged'),
        ('a7A067eEF2','CD9A3',$3.95, 'Damaged'),
        ('F6A3F0A15C','BF5DF',$5.49, 'Damaged'),
        ('aAa94B8B4f','76FFA',$9.74, 'Damaged'),
        ('b7F5FCa933','EC0AD',$2.86, 'Damaged'),
        ('0ad9f1AbFD','76FFA',$0.69, 'Damaged'),
        ('b12080a19e','76FFA',$6.48, 'Damaged'),
        ('2D91e40f44','19BA3',$1.05, 'Damaged'),
        ('d7181e7BdA','BF5DF',$7.96, 'Damaged'),
        ('52f4F1CFBe','CD9A3',$0.33, 'Damaged'),
        ('7d9a313bCC','3C8FE',$0.99, 'Damaged'),
        ('0ddD596417','BF5DF',$1.02, 'Damaged'),
        ('bE4EbBCDbf','19BA3',$6.33, 'Under Repair'),
        ('19CEe56f95','76FFA',$4.02, 'Under Repair'),
        ('a052aa4C67','19BA3',$0.51, 'Under Repair'),
        ('efC03FDB7F','3C8FE',$8.54, 'Under Repair');



INSERT INTO Member(MemberID, MemberName, Email, Phone, RewardPts, Deposit, CreditBalance)
VALUES  ('F74DE4481D','Jacob Potts', 'hmoreno@example.net','66576653',12,$2.80,$8.90),
        ('C55E2273AD','Paige Hanson', 'yhopkins@example.com','25592794',71,$1.08,$7.89),
        ('1573EDE77C','Katherine Boyd', 'wendy36@example.com','25842773',42,$7.44,$3.51),
        ('1F4049CE9D','Carlos Boone', 'kaylavillarreal@example.org','77216312',43,$8.05,$0.24),
        ('6216185DF1','Cory Davis', 'josephcox@example.org','39457185',11,$4.86,$3.83),
        ('3DB77544A1','Christopher Smith', 'sararamirez@example.net','64674477',61,$2.92,$6.00),
        ('2931108FC7','Michelle Hill', 'emily47@example.com','96666345',98,$3.94,$9.98),
        ('6DE0DB23AF','April Leach', 'johnsonmark@example.org','93627779',25,$7.02,$6.58),
        ('E3D0358E3A','John Arroyo', 'bgarner@example.net','26736168',46,$5.44,$9.29),
        ('A950C8ECA3','Nicholas Flowers', 'moralesjames@example.com','99475848',46,$6.10,$1.54),
        ('03C0CDC8BB','Ryan Zamora', 'jason16@example.net','87353273',66,$4.26,$6.96),
        ('BF94B72B33','Tracy Mullins', 'michael97@example.org','96641937',24,$1.30,$6.62),
        ('683C51FB12','Justin Edwards', 'huntwalter@example.org','95259477',32,$4.89,$0.95),
        ('82A98C527D','Glenn Brown', 'rodriguezdiane@example.com','78514419',60,$2.20,$9.10),
        ('AAFEDAE3FD','Cynthia Wolf', 'gonzalesmarissa@example.net','43512921',47,$4.94,$0.81),
        ('96BCAEA0E9','Lisa Kelly', 'johnnymccoy@example.net','81419173',77,$1.19,$3.04),
        ('53881BBB8E','Andrew Miller', 'robert51@example.com','88328395',60,$8.22,$7.52),
        ('7BBF52662C','Joshua Jones', 'matthewskaren@example.com','16514625',90,$9.71,$4.07),
        ('050D558ECA','Richard Jackson', 'billy48@example.org','39823614',39,$0.27,$8.66),
        ('8B809A9569','Lindsey Wright', 'wdyer@example.org','23564811',69,$5.67,$0.67),
        ('2F27FC9B58','Angel Fisher', 'smithbenjamin@example.com','39328936',98,$4.22,$9.72),
        ('666BF93C51','Jose Lewis', 'guerrerojoseph@example.org','67211627',40,$3.73,$4.75),
        ('F5747B4012','Andre Tran', 'danielsamanda@example.com','48414168',80,$3.49,$4.56),
        ('8BD3AAE115','D Sarah Macdonald', 'joy55@example.com','71951768',77,$5.47,$4.67),
        ('145A1AF57E','Patrick Howard', 'kparrish@example.net','58887951',6,$1.70,$6.23),
        ('73C399F268','Dylan Jacobs', 'justinbowman@example.net','56852182',76,$8.27,$0.34),
        ('DF787DCD5C','Reginald Jones', 'lopezrodney@example.org','84334168',55,$8.00,$3.71),
        ('4F90C26E51','Kelsey Blevins', 'jennifer72@example.org','46594578',10,$5.01,$0.32),
        ('9D7E170FB3','Jessica Garrett', 'jonesheather@example.net','58246863',93,$4.08,$7.50),
        ('C6B90935D3','Katie Palmer', 'richardmatthews@example.org','35698661',85,$8.79,$6.56),
        ('2889C2FC2F','Thomas Smith', 'forozco@example.org','12519922',44,$9.52,$2.63),
        ('31A7E65391','Tracy Hernandez', 'benjamin18@example.com','25218725',4,$4.46,$3.14),
        ('3D8CE444EF','Francisco Ross', 'nicolemitchell@example.net','91915526',77,$5.74,$8.85),
        ('03DA614150','Anthony Scott', 'nelsoncheyenne@example.com','85517246',20,$5.28,$1.13),
        ('F0470838B3','Jacob Wallace', 'paul89@example.com','49866819',9,$9.96,$8.66),
        ('3C8CAFBC80','Jeffrey Thompson', 'bakermatthew@example.org','44931966',36,$7.12,$0.34),
        ('9192F9D5DD','Casey Duke', 'seangolden@example.com','28235818',5,$9.93,$1.35),
        ('192917A072','Cynthia Petersen', 'victor42@example.com','23756347',42,$5.44,$9.37),
        ('674211395A','Jacob Hart', 'chavezwilliam@example.com','94713131',49,$6.68,$7.61),
        ('AC3714445D','George Barnes', 'louis61@example.com','69168478',67,$8.84,$6.54),
        ('E9DCE9140C','Erica Shelton', 'brian33@example.net','83931769',19,$1.80,$0.85),
        ('79D9D6CE21','Tracy Evans', 'qsnyder@example.net','94345992',96,$6.50,$4.21),
        ('0D5F88FEB1','John Ware', 'imartinez@example.net','54928637',8,$6.47,$9.71),
        ('755904523E','Randall Cunningham', 'stephenstyler@example.com','77339836',60,$4.40,$6.44),
        ('A093764C9F','Amanda Klein', 'ljohnson@example.com','65693251',98,$1.17,$7.40),
        ('EE00A51DBC','Toni Lewis', 'mkelly@example.org','93394489',5,$4.85,$7.17),
        ('DA4D94CB2C','Tracy Jackson', 'smithluis@example.net','77664789',11,$3.94,$5.76),
        ('5CDB62A6D9','Sonia Long', 'kevinlutz@example.net','57911866',82,$2.92,$7.54),
        ('6F7E0E381D','Troy Olsen', 'moorejoshua@example.com','52353321',6,$4.05,$9.66),
        ('D0B17BF34A','Melissa Walter', 'sandraramirez@example.net','85677594',14,$6.90,$5.75),
        ('8D2BC2DC72','Stephanie Baker', 'aschultz@example.net','71813132',47,$2.73,$6.02),
        ('7356425DEB','Becky Bates', 'robertshepard@example.org','21174376',97,$4.40,$6.16),
        ('DE9D191C29','Zachary Vasquez', 'lalexander@example.net','65986399',85,$3.17,$3.31),
        ('FC7974E42B','Deanna Holmes', 'gibsonlauren@example.org','94438711',60,$0.23,$6.02),
        ('50BADDB857','Raymond Roman', 'jacqueline62@example.net','77643865',95,$6.34,$2.90),
        ('872C21563D','Diana Miranda', 'kaufmanclayton@example.org','98552911',33,$4.58,$7.40),
        ('DAE50B98EA','Ryan Stanton', 'reedjoshua@example.org','65872843',79,$9.84,$4.03);



INSERT INTO Feedback(FBID, MemberID, FBDateTime)
VALUES  ('A4E32465A9','F74DE4481D','2018-01-09T04:21:08'),
        ('6866C8CE2A','C55E2273AD','2018-01-09T04:21:08'),
        ('F139C1A63C','C55E2273AD','2018-01-09T04:21:08'),
        ('36FD202B87','C55E2273AD','2018-01-09T04:21:08'),
        ('ABC197695A','C55E2273AD','2018-01-09T04:21:08'),
        ('E1C13A5C9B','1573EDE77C','2018-01-09T04:21:08'),
        ('AFCBEAF5B7','1573EDE77C','2018-01-09T04:21:08'),
        ('8B9187C387','1573EDE77C','2018-01-09T04:21:08'),
        ('0311F3541F','1573EDE77C','2018-01-09T04:21:08'),
        ('B0D99E75C4','1573EDE77C','2018-01-09T04:21:08'),
        ('5E9AB1B11C','6DE0DB23AF','2018-01-09T04:21:08'),
        ('6B7097BA97','6DE0DB23AF','2018-01-09T04:21:08'),
        ('CF41CAD9AA','6DE0DB23AF','2018-01-09T04:21:08'),
        ('7491011344','6DE0DB23AF','2018-01-09T04:21:08'),
        ('B29B7E98AB','6DE0DB23AF','2018-01-09T04:21:08');



INSERT INTO Comment(FBID, Message)
VALUES  ('A4E32465A9','Throughout rest fight low study catch tax maybe next join school popular home authority seven southern card new attorne'),
        ('6866C8CE2A','Sea victim nor agree learn fall serious goal order next hundred draw lose red yeah kill heart garden.'),
        ('F139C1A63C','National put teach some economy police lay safe all material side course woman space money east money commercial run education increase.'),
        ('36FD202B87','Rate patient difficult effect me similar call human know event yourself order offer attack despite.'),
        ('ABC197695A','Dream accept leg design summer list think site live letter shot rock break budget available city yard thousand travel administration require wrong respond hundred.'),
        ('E1C13A5C9B','Difference such book news deep miss catch health stage goal happen stand less long head structure indeed skill arrive activity reality several crime indicate board.'),
        ('AFCBEAF5B7','Morning maybe always your discover every yard by position capital pass victim weapon open serve same relate.'),
        ('8B9187C387','Want past problem step military agency lawyer least southern close big class foot tonight later difficult major pick.'),
        ('0311F3541F','Detail reason interesting story white ago man science along represent minute prepare across argue specific other dog world sometimes disease because success candidate show cup ever.'),
        ('B0D99E75C4','Carry interest may every term education radio whether education particularly base international.'),
        ('5E9AB1B11C','Live firm wrong along during make baby structure perform me summer western.'),
        ('6B7097BA97','Recently protect store recently time though oil wide participant firm notice present door site century change operation material spring.'),
        ('CF41CAD9AA','Common lay white response upon thought natural finger view crime history condition leader sea to room argue light yeah beautiful at.'),
        ('7491011344','Current cold help past purpose indicate former behavior evidence serve rest in whether.'),
        ('B29B7E98AB','Peace heavy along information good while rather reveal attorney cancer evidence very finally sit.');


INSERT INTO CreditCard(CardNo, CardType, ExpiryDate, CVV, MemberID)
VALUES  ('347135605206','Master','2018-01-28T19:28:27','137','F74DE4481D'),
        ('531696274668','Visa','2018-06-10T18:12:41','443','C55E2273AD'),
        ('446138064744','Master','2018-12-04T13:07:38','721','1F4049CE9D'),
        ('384302303104','Visa','2018-05-06T09:16:46','724','1573EDE77C'),
        ('231987628401','Visa','2018-04-18T20:36:55','472','6216185DF1'),
        ('930757416854','Diners','2018-12-24T23:15:49','224','3DB77544A1'),
        ('688169925419','Master','2018-04-21T19:32:55','835','2931108FC7'),
        ('034643204960','Visa','2018-06-21T11:45:40','579','6DE0DB23AF'),
        ('284558549333','Diners','2018-11-28T09:07:31','414','E3D0358E3A'),
        ('428611114293','Master','2018-04-13T03:20:19','396','A950C8ECA3'),
        ('957078622281','Visa','2018-09-11T03:33:45','829','BF94B72B33'),
        ('399224949574','Master','2018-09-13T04:15:21','762','BF94B72B33'),
        ('796716362578','Visa','2018-11-25T01:44:40','944','683C51FB12'),
        ('633046606319','Visa','2018-04-23T01:47:01','395','AAFEDAE3FD'),
        ('636935155263','Diners','2018-02-25T23:08:22','754','96BCAEA0E9'),
        ('704456452098','Master','2018-12-22T03:38:41','186','53881BBB8E'),
        ('623330657812','Master','2018-03-18T07:07:06','252','7BBF52662C');



INSERT INTO Promotion(PromoCode, StartDate, EndDate, PromoRate, PromoDescription)
VALUES  ('0Bc6B5D489','2018-01-08T05:45:31','2018-02-08T05:25:31', $2.61,'Very cool promotion'),
        ('0bF91bB93f','2018-01-08T05:45:31','2018-02-08T05:25:31', $0.27,'Coolest promotion ever'),
        ('a2D2b51481','2018-01-02T10:31:17','2018-01-02T12:27:59', $2.74,'Help leave high describe also green.'),
        ('aaE1eFFB1c','2018-01-08T20:45:36','2018-01-08T23:03:25', $0.72,'Nor fall she order describe consider seem.'),
        ('42f3b2a8FB','2018-01-06T18:11:42','2018-01-06T22:18:24', $2.88,'Very visit line purpose.'),
        ('Da17abBdd7','2018-01-01T19:01:38','2018-01-01T22:41:38', $0.40,'Lot short center after institution follow.'),
        ('A0aDaeB070','2018-01-08T05:41:37','2018-01-08T09:41:38', $1.25,'Patient mission structure music might officer development evidence.'),
        ('2174d9c339','2018-01-06T04:26:51','2018-01-06T06:25:19', $3.07,'North more attorney.'),
        ('f80aeF1c8F','2018-01-10T02:53:00','2018-01-10T07:05:57', $1.58,'Threat public this put.'),
        ('9683D7Daed','2018-01-08T06:08:19','2018-01-08T06:25:03', $3.59,'Director anyone effort it why market.'),
        ('b7fa713b8B','2018-01-05T12:28:42','2018-01-05T14:30:14', $3.02,'Region next large in wrong another health.'),
        ('d98d9e1778','2018-01-06T02:11:14','2018-01-06T05:35:22', $3.97,'Onto result myself peace stuff.'),
        ('3b99Fb0CE9','2018-01-07T07:44:12','2018-01-07T11:56:44', $1.53,'House book watch increase food total.'),
        ('Ce3F7FBD2e','2018-01-10T12:52:06','2018-01-10T13:04:47', $2.58,'Activity watch probably common music three.'),
        ('9C8bc10b26','2018-01-03T06:11:11','2018-01-03T10:56:40', $1.73,'Hit because past think.'),
        ('5B99DCaC1c','2018-01-11T07:18:13','2018-01-11T11:46:44', $1.00,'Remove thank wonder daughter.'),
        ('eFACE68eFD','2018-01-11T03:13:41','2018-01-11T03:23:44', $2.48,'Really best seat game operation.'),
        ('AbB0ecf96d','2018-01-09T07:32:42','2018-01-09T12:25:25', $0.62,'Stuff manager authority name article what.'),
        ('5DE30cfc55','2018-01-10T00:15:02','2018-01-10T04:05:53', $3.88,'Become shoulder love successful sport matter.'),
        ('0AF5bfc05C','2018-01-07T01:10:05','2018-01-07T05:51:36', $0.91,'Music rest theory accept maintain.'),
        ('2D3A02bE87','2018-01-03T21:39:13','2018-01-03T21:48:35', $3.85,'Evidence set reveal campaign almost.'),
        ('3EA82d6336','2018-01-07T01:18:40','2018-01-07T01:48:43', $3.43,'Language prevent guess apply her candidate pain offer.'),
        ('13d8a28709','2018-01-08T17:19:17','2018-01-08T20:14:47', $3.81,'Staff lawyer hang drive this official.'),
        ('aD944889C7','2018-01-11T09:28:29','2018-01-11T12:23:25', $0.15,'Pay growth as turn.'),
        ('A5aAdbd114','2018-01-01T06:37:36','2018-01-01T10:50:10', $3.52,'Movement put somebody.'),
        ('fc4b3da6a6','2018-01-01T09:27:32','2018-01-01T12:37:51', $1.44,'Executive report actually month.'),
        ('E3A9Fcc92E','2018-01-05T10:56:37','2018-01-05T11:42:35', $1.29,'Young behind though give identify.'),
        ('FafD2b57B3','2018-01-05T05:28:05','2018-01-05T09:35:25', $2.38,'Professor professor especially sometimes hope success film at.'),
        ('207E4f50EB','2018-01-02T13:04:46','2018-01-02T15:17:37', $3.65,'Baby kid season.'),
        ('d8a6F87011','2018-01-06T10:05:41','2018-01-06T14:53:27', $2.41,'Center traditional million ball get next.');



INSERT INTO Ride(RideID, MemberID, BikeID, Origin, Destination, DateTimeStart, DateTimeEnd, PtsRedeemed, RidePts, Distance, Cost)
VALUES  ('45d495F6aB','AC3714445D','44f5a9a77a','19BA3','76FFA','2018-01-10T08:52:12','2018-01-10T09:04:14',14,2,1406.4505241619777,$6.55),
        ('cef35305D4','145A1AF57E','1eCdD1d0fB','19BA3','76FFA','2018-01-01T15:26:25','2018-01-01T18:59:56',14,13,790.6501618443164,$4.58),
        ('dD35c1EdB6','145A1AF57E','44f5a9a77a','76FFA','19BA3','2018-01-11T12:23:45','2018-01-11T12:32:13',0,2,1207.7970069920125,$2.86),
        ('307dE4C1B4','3D8CE444EF','afF42Ae5EE','19BA3','BF5DF','2018-01-01T22:07:44','2018-01-02T01:52:49',6,1,1292.386192742475,$2.16),
        ('8BcdD44b6F','1573EDE77C','f3bf0Dc0eD','76FFA','BF5DF','2018-01-05T17:50:36','2018-01-05T22:47:05',2,7, 754.4822154770112,$7.95),
        ('c1B8ee4Bef','145A1AF57E','f3bf0Dc0eD','3C8FE','BF5DF','2018-01-07T14:08:58','2018-01-07T16:48:34',8,8,835.202546833967,$6.25),
        ('318BbBf726','F74DE4481D','135d3FeebF','BF5DF','EC0AD','2018-01-11T12:11:34','2018-01-11T12:32:47',14,5,864.9131582831368,$7.32),
        ('95053A4c7c','872C21563D','135d3FeebF','EC0AD','76FFA','2018-01-01T20:11:30','2018-01-02T01:04:43',7,12,872.6318974324332,$5.63),
        ('b188D6547A','145A1AF57E','afF42Ae5EE','76FFA','EC0AD','2018-01-10T08:38:22','2018-01-10T11:31:37',13,11,1800.1387114750603,$6.98),
        ('861e651f1F','AC3714445D','135d3FeebF','EC0AD','19BA3','2018-01-02T13:52:10','2018-01-02T18:15:32',11,2,1243.7144875867052,$1.25),
        ('4AbB050996','DAE50B98EA','afF42Ae5EE','BF5DF','EC0AD','2018-01-01T10:45:36','2018-01-01T15:41:39',6,12,1974.6091896301814,$1.77),
        ('eeEea1efD9','1573EDE77C','135d3FeebF','76FFA','19BA3','2018-01-05T19:53:33','2018-01-06T00:15:51',0,10,1257.0115963748644,$6.63),
        ('89cf5CBC9E','AC3714445D','f3bf0Dc0eD','EC0AD','19BA3','2018-01-10T21:33:59','2018-01-11T00:51:32',0,14,759.2753954550274,$6.11),
        ('931e9F7fEf','872C21563D','afF42Ae5EE','CD9A3','EC0AD','2018-01-03T11:52:35','2018-01-03T12:41:47',4,15,1366.5371436296523,$6.50),
        ('b52f6807aB','DAE50B98EA','1eCdD1d0fB','EC0AD','19BA3','2018-01-02T03:36:40','2018-01-02T07:41:11',15,8, 1079.0758260279958,$4.43),
        ('E964c86A03','DAE50B98EA','afF42Ae5EE','BF5DF','EC0AD','2018-01-02T14:43:11','2018-01-02T17:05:48',11,10,1533.4600610650846,$3.41),
        ('Fbf2A861FD','3D8CE444EF','1eCdD1d0fB','76FFA','EC0AD','2018-01-07T02:56:17','2018-01-07T07:02:41',8,14,1227.6359181811567,$2.92),
        ('2ADbc51594','145A1AF57E','1eCdD1d0fB','19BA3','EC0AD','2018-01-09T01:28:57','2018-01-09T04:38:52',15,4,1209.2590488431717,$3.68),
        ('b79F98fdaF','145A1AF57E','135d3FeebF','19BA3','EC0AD','2018-01-11T08:07:07','2018-01-11T11:48:27',10,10,1762.94435458317,$2.20),
        ('2261B0a601','DAE50B98EA','44f5a9a77a','CD9A3','19BA3','2018-01-03T14:06:16','2018-01-03T16:21:01',14,12,1857.8284820772963,$8.12),
        ('2fF2dcA22C','DAE50B98EA','1eCdD1d0fB','3C8FE','19BA3','2018-01-08T05:25:31','2018-01-08T05:44:48',7,2,671.8593033300649,$7.74);

INSERT INTO Ride(RideID, MemberID, BikeID, Origin, Destination, PromoCode, DateTimeStart, DateTimeEnd, PtsRedeemed, RidePts, Distance, Cost)
VALUES  ('3fF2dcA22C','DAE50B98EA','1eCdD1d0fB','3C8FE','76FFA','0Bc6B5D489','2018-01-08T05:25:31','2018-01-08T05:44:48',7,2,671.8593033300649,$7.74),
        ('4fF2dcA22C','DAE50B98EA','1eCdD1d0fB','3C8FE','19BA3','0Bc6B5D489','2018-01-08T05:25:31','2018-01-08T05:44:48',7,2,671.8593033300649,$7.74),
        ('5fF2dcA22C','DAE50B98EA','1eCdD1d0fB','3C8FE','EC0AD','0Bc6B5D489','2018-01-08T05:25:31','2018-01-08T05:44:48',7,2,671.8593033300649,$7.74),
        ('6fF2dcA22C','DAE50B98EA','1eCdD1d0fB','3C8FE','76FFA','0bF91bB93f','2018-01-08T05:25:31','2018-01-08T05:44:48',7,2,671.8593033300649,$7.74);


INSERT INTO CreditDebitTrans(TransID, TransAmt, TransType, TransDateTime, CardNo, RideID)
VALUES  ('a4CA8CDbBC','$26.48','Debit','2018-01-09T06:18:10','347135605206','45d495F6aB'),
        ('2b250fCeEc','$11.88','Debit','2018-01-10T04:21:08','531696274668','cef35305D4'),
        ('bdeEa1C61C','$6.88','Top up','2018-01-04T08:18:43','384302303104','dD35c1EdB6'),
        ('cfDefdD5A0','$9.51','Top up','2018-01-06T03:37:10','231987628401','307dE4C1B4'),
        ('A56747D2cd','$18.43','Top up','2018-01-03T22:45:16','930757416854','8BcdD44b6F'),
        ('16ad5E5acf','$29.86','Debit','2018-01-02T02:36:01','688169925419','c1B8ee4Bef'),
        ('6c161b1aeD','$6.69','Top up','2018-01-12T12:36:41','034643204960','318BbBf726'),
        ('56eeBE5A1B','$20.52','Debit','2018-01-12T00:52:35','284558549333','95053A4c7c'),
        ('e0fA17cf86','$5.53','Debit','2018-01-09T06:57:01','428611114293','b188D6547A'),
        ('FefFfFBb55','$20.06','Debit','2018-01-12T17:48:30','957078622281','861e651f1F'),
        ('76d2bAD412','$9.61','Debit','2018-01-07T22:45:08','399224949574','4AbB050996'),
        ('9bd9aADCAe','$26.94','Top up','2018-01-01T10:26:11','796716362578','eeEea1efD9'),
        ('1B62BcBE46','$29.25','Top up','2018-01-08T16:16:02','633046606319','89cf5CBC9E'),
        ('bB98eAf1A5','$5.19','Top up','2018-01-02T04:17:57','636935155263','931e9F7fEf');



INSERT INTO FaultType(FaultCode, FaultDesc)
VALUES  ('dbAdbD0aE9','Figure theory picture position experience.'),
        ('4CC2fab3bB','Offer car party sister.'),
        ('E28bBE91Bd','Standard prove use style than economy name.'),
        ('4A4afFf636','Ok during try current candidate main recognize.'),
        ('Fad2c5c6B0','Go love not form card whether.'),
        ('97fAda94eF','Writer stock writer minute hang budget soon because.'),
        ('C6d35F5f79','Alone rather blue stuff among list.'),
        ('aF1249F1dB','Candidate official chair since listen remove.'),
        ('4fECb7BB3F','Plan firm most protect list.'),
        ('8fA04aBAbf','Compare those appear table cost.'),
        ('6cCe28Ee4C','Certain while environment guy body.'),
        ('16Fe1abBfd','For nearly tell love guess such.'),
        ('1caFd2fd64','Life eight answer tree whose.'),
        ('4Be2bf726A','Task long friend.');



INSERT INTO Maintenance(MaintID, MaintDate, BikeID)
VALUES  ('DB2B1B2926','2018-01-01T11:33:22','f3bf0Dc0eD'),
        ('0919bE52FF','2018-01-09T18:22:07','f3bf0Dc0eD'),
        ('dFAa75fa0e','2018-01-11T07:57:52','f3bf0Dc0eD'),
        ('74BF5479dc','2018-01-03T15:13:12','52f4F1CFBe'),
        ('AB9297cD2F','2018-01-09T18:25:38','a052aa4C67'),
        ('A3151f491B','2018-01-05T13:54:20','f3bf0Dc0eD'),
        ('d3E20F4f2C','2018-01-04T17:38:47','d7181e7BdA'),
        ('4b21eCE6a7','2018-01-08T15:56:21','a052aa4C67'),
        ('8A506C4cf1','2018-01-07T18:53:58','f3bf0Dc0eD'),
        ('ADBAfefbAE','2018-01-09T18:59:00','52f4F1CFBe'),
        ('c52a7F9066','2018-01-06T23:22:48','f3bf0Dc0eD'),
        ('FDbfBBbEA4','2018-01-02T17:43:38','52f4F1CFBe'),
        ('ddbacfA8a7','2018-01-06T19:25:26','d7181e7BdA'),
        ('fBe0bF9dd2','2018-01-03T01:40:17','f3bf0Dc0eD');



INSERT INTO Fault(FBID, MaintID, FaultCode, BikeID)
VALUES  ('A4E32465A9','dFAa75fa0e','E28bBE91Bd','f3bf0Dc0eD'),
        ('6866C8CE2A','0919bE52FF','dbAdbD0aE9','f3bf0Dc0eD'),
        ('6866C8CE2A','DB2B1B2926','4A4afFf636','f3bf0Dc0eD'),
        ('F139C1A63C','0919bE52FF','E28bBE91Bd','1eCdD1d0fB'),
        ('6866C8CE2A','0919bE52FF','4CC2fab3bB','1eCdD1d0fB'),
        ('F139C1A63C','0919bE52FF','4A4afFf636','1eCdD1d0fB'),
        ('A4E32465A9','dFAa75fa0e','4CC2fab3bB','afF42Ae5EE'),
        ('A4E32465A9','0919bE52FF','dbAdbD0aE9','afF42Ae5EE'),
        ('6866C8CE2A','DB2B1B2926','E28bBE91Bd','afF42Ae5EE'),
        ('A4E32465A9','dFAa75fa0e','4A4afFf636','44f5a9a77a'),
        ('A4E32465A9','0919bE52FF','4A4afFf636','44f5a9a77a'),
        ('6866C8CE2A','dFAa75fa0e','4CC2fab3bB','44f5a9a77a');



INSERT INTO MaintType(TypeCode, TypeDesc)
VALUES  ('cf5Dcd0a2e','Decision line firm media.'),
        ('fa4617F5aD','Defense scene us her long garden.'),
        ('c602e463FB','Reality establish finish hour include do candidate.'),
        ('FcEB3ce22e','Provide protect home deep enter marriage cold.'),
        ('ED51f5B077','Management question myself magazine.'),
        ('cA3bC7AEd6','Board energy before.'),
        ('5C0A0FAEaE','Legal buy kitchen party.'),
        ('7518FbDBB4','Start everybody democratic send TV.'),
        ('2bDb275b8E','Nature victim make best newspaper.'),
        ('2dCae15EaB','Middle bring return class live foot machine.'),
        ('f564Fa7Ec2','Process image matter hope picture.'),
        ('C5249C1880','Coach every last water.'),
        ('08BCBbD0EE','Period southern economic thought everyone.'),
        ('2Cc13213eF','Situation figure quite come democratic.'),
        ('F392F15Ac2','Back first floor campaign light.'),
        ('8a30CBD4fD','Road and shoot here citizen college.'),
        ('b727Cbc0C9','Popular coach specific return fire also.'),
        ('2AB8bACe51','Decade news practice low theory.'),
        ('b9cF9e2D66','Manager management baby box.'),
        ('FDaC861A5F','Information church than view.'),
        ('e5C8EAE1A1','Per information doctor hair anyone.'),
        ('dFbEBFfAd6','Particularly local market know side single apply.'),
        ('DD8b880407','Ground kind check trade.'),
        ('0Bbfa7d998','Identify country produce line factor.'),
        ('FceFcc5B3F','Fish window form threat her herself inside.'),
        ('71fedfd962','Fish general other develop bed.'),
        ('D5c3A9A15c','Other left leave education.'),
        ('29f55EFb54','Anything account well yeah build forget score heat.'),
        ('C5A4E3bD4D','Quite science process also behind.'),
        ('30Ed1fFC91','Industry grow personal reason same step.'),
        ('54Acf3d0a1','Hundred new among PM capital over ground.'),
        ('EE0eb76fB2','Manager wish minute require.'),
        ('F51CE504Db','Success soldier action.'),
        ('9b337beB85','Ability explain meeting turn conference.'),
        ('1FbBDbd9b7','Heat lead town me major soon.'),
        ('ABC3de44a5','With buy scene meet.'),
        ('F8Cef3Cc05','Time skin treat evening like sex.'),
        ('2aCAbEd161','Through hold majority then much young huge expert.'),
        ('FA0Fb383c6','Live concern manage walk.'),
        ('853FeF1Fd4','Make want relate record specific.'),
        ('aF7AAf5B8D','Death difference foot.'),
        ('0f37dEf122','Reflect pattern keep pull fish.'),
        ('F0842bc2ca','Avoid police thousand at.'),
        ('ffbEE4D886','Language relationship wish cup situation son.'),
        ('31399fB10f','Read we lawyer enough hope set.'),
        ('8d62DBCd14','Difficult else message mouth letter go.'),
        ('aaFbe30eAa','Identify any late clearly still remove.'),
        ('Bb3551Ae4D','House sign eight member.');



INSERT INTO MaintItem(MaintID, SNo, TypeCode, Desc_)
VALUES  ('DB2B1B2926','faC3DaE08b','cf5Dcd0a2e','Box stay game me talk no medical.'),
        ('0919bE52FF','2ad413481a','cf5Dcd0a2e','Place tonight natural never understand.'),
        ('dFAa75fa0e','5BBa025d9E','cf5Dcd0a2e','Set right still threat business white.'),
        ('74BF5479dc','d5420Dfe7E','cf5Dcd0a2e','Performance as him or phone performance.'),
        ('AB9297cD2F','acBD325a01','cf5Dcd0a2e','Mouth price majority go.'),
        ('A3151f491B','fd60fcF9aE','cf5Dcd0a2e','Another ask finish call.'),
        ('d3E20F4f2C','a6cEeB0e3d','cf5Dcd0a2e','Answer early Republican if approach above.'),
        ('4b21eCE6a7','CBD90A0c9e','cf5Dcd0a2e','Fill crime health.'),
        ('8A506C4cf1','75f79E02e9','cf5Dcd0a2e','President although tough remove occur wife enough table.'),
        ('ADBAfefbAE','2D2B30dAE7','cf5Dcd0a2e','Recognize cup do how brother option.'),
        ('c52a7F9066','df1f8b9B1e','cf5Dcd0a2e','Art use stop pass factor official significant.'),
        ('4b21eCE6a7','5dEBC829Bf','cf5Dcd0a2e','Range song above white before like dinner game.'),
        ('8A506C4cf1','2A6C91Fc2F','cf5Dcd0a2e','Tax gas eat deal develop eat.'),
        ('AB9297cD2F','4aCB653b64','cf5Dcd0a2e','Beyond dream serve next.');



INSERT INTO Repair(MaintID)
VALUES  ('4b21eCE6a7'),
        ('FDbfBBbEA4'),
        ('AB9297cD2F'),
        ('c52a7F9066'),
        ('ADBAfefbAE'),
        ('8A506C4cf1'),
        ('0919bE52FF'),
        ('d3E20F4f2C'),
        ('74BF5479dc'),
        ('dFAa75fa0e'),
        ('A3151f491B'),
        ('DB2B1B2926'),
        ('ddbacfA8a7'),
        ('fBe0bF9dd2');


INSERT INTO Reservation(MemberID, BikeID, ResStatus, DateTimeRes, DateTimeReservedFor)
VALUES  ('192917A072','7d9a313bCC','NoShow','2018-01-03T12:29:45','2018-01-03T13:20:18'),
        ('1573EDE77C','d7181e7BdA','NoShow','2018-01-03T12:29:45','2018-01-03T13:20:18'),
        ('AAFEDAE3FD','7d9a313bCC','Cancelled','2018-01-03T12:29:45','2018-01-03T13:20:18'),
        ('1573EDE77C','a7A067eEF2','Confirmed','2018-01-03T12:29:45','2018-01-03T13:20:18'),
        ('AAFEDAE3FD','d7181e7BdA','Cancelled','2018-01-03T12:29:45','2018-01-03T13:20:18'),
        ('1573EDE77C','ECa2F7F753','Confirmed','2018-01-03T12:29:45','2018-01-03T13:20:18'),
        ('F74DE4481D','7d9a313bCC','Cancelled','2018-01-03T12:29:45','2018-01-03T13:20:18'),
        ('AAFEDAE3FD','a7A067eEF2','NoShow','2018-01-03T12:29:45','2018-01-03T13:20:18'),
        ('6216185DF1','d7181e7BdA','NoShow','2018-01-03T12:29:45','2018-01-03T13:20:18'),
        ('1F4049CE9D','ECa2F7F753','Cancelled','2018-01-03T12:29:45','2018-01-03T13:20:18'),
        ('683C51FB12','ECa2F7F753','NoShow','2018-01-03T12:29:45','2018-01-03T13:20:18'),
        ('6216185DF1','ECa2F7F753','Cancelled','2018-01-03T12:29:45','2018-01-03T13:20:18'),
        ('6216185DF1','a7A067eEF2','NoShow','2018-01-03T12:29:45','2018-01-03T13:20:18'),
        ('1F4049CE9D','a7A067eEF2','NoShow','2018-01-03T12:29:45','2018-01-03T13:20:18');